Job ID,Job Title,Company Name,Location,Job URL
4190175859,ML Software Engineer (L4/L5) - Media Algorithms,Netflix,"Los Angeles, CA",https://www.linkedin.com/jobs/view/ml-software-engineer-l4-l5-media-algorithms-at-netflix-4190175859?position=1&pageNum=0&refId=aD2%2Bgb8UdC5Lr4AogI%2BPMg%3D%3D&trackingId=54fFRq8psWvxa%2BVd%2BwxWzA%3D%3D
4191146990,"Software Engineer, AI Platform - New Grad",Nuro,"Mountain View, CA",https://www.linkedin.com/jobs/view/software-engineer-ai-platform-new-grad-at-nuro-4191146990?position=2&pageNum=0&refId=aD2%2Bgb8UdC5Lr4AogI%2BPMg%3D%3D&trackingId=hjMuyd3hQqhbX10vYRAjzQ%3D%3D
4191815023,AI Engineer,LinkedIn,"Sunnyvale, CA",https://www.linkedin.com/jobs/view/ai-engineer-at-linkedin-4191815023?position=3&pageNum=0&refId=aD2%2Bgb8UdC5Lr4AogI%2BPMg%3D%3D&trackingId=oNR9Po5UubhFadiZRTtxYQ%3D%3D
4148955654,"Software Engineer III, AI/ML Machine Learning, Core",Google,"Bengaluru, Karnataka, India",https://in.linkedin.com/jobs/view/software-engineer-iii-ai-ml-machine-learning-core-at-google-4148955654?position=4&pageNum=0&refId=aD2%2Bgb8UdC5Lr4AogI%2BPMg%3D%3D&trackingId=%2BfOx24Ir%2F3l7OhlUMdJpRQ%3D%3D
4138218869,AI/ML Developer,Verition Fund Management LLC,"New York, NY",https://www.linkedin.com/jobs/view/ai-ml-developer-at-verition-fund-management-llc-4138218869?position=5&pageNum=0&refId=aD2%2Bgb8UdC5Lr4AogI%2BPMg%3D%3D&trackingId=B6PB7n9ie16RbJtehktOxg%3D%3D
4143949417,AI Engineer,LinkedIn,"Sunnyvale, CA",https://www.linkedin.com/jobs/view/ai-engineer-at-linkedin-4143949417?position=6&pageNum=0&refId=aD2%2Bgb8UdC5Lr4AogI%2BPMg%3D%3D&trackingId=ZudcwS6ahkmM1JKccxH4vQ%3D%3D
4191423516,AI/ML Engineer,Onix,"Pune, Maharashtra, India",https://in.linkedin.com/jobs/view/ai-ml-engineer-at-onix-4191423516?position=7&pageNum=0&refId=aD2%2Bgb8UdC5Lr4AogI%2BPMg%3D%3D&trackingId=pqq3ivrQvqoXYAIZc2nt%2Bw%3D%3D
4172659721,Founding AI Engineer,Plain,United Kingdom,https://uk.linkedin.com/jobs/view/founding-ai-engineer-at-plain-4172659721?position=8&pageNum=0&refId=aD2%2Bgb8UdC5Lr4AogI%2BPMg%3D%3D&trackingId=YQmFgG1hncgm4Kjhvn3cBg%3D%3D
4116226442,Junior AI/ML Software Developer,"Paradyme, a CATHEXIS Company","Redwood City, CA",https://www.linkedin.com/jobs/view/junior-ai-ml-software-developer-at-paradyme-a-cathexis-company-4116226442?position=9&pageNum=0&refId=aD2%2Bgb8UdC5Lr4AogI%2BPMg%3D%3D&trackingId=a6ARU85HcAB5PBfvhXeLrQ%3D%3D
4180083166,Python Gen AI Developer,LTIMindtree,"Bengaluru, Karnataka, India",https://in.linkedin.com/jobs/view/python-gen-ai-developer-at-ltimindtree-4180083166?position=10&pageNum=0&refId=aD2%2Bgb8UdC5Lr4AogI%2BPMg%3D%3D&trackingId=zchcKJhG9s9JXkPyGgfc6Q%3D%3D
4194294347,ML Engineer,Fusemachines,"Pune, Maharashtra, India",https://in.linkedin.com/jobs/view/ml-engineer-at-fusemachines-4194294347?position=11&pageNum=0&refId=aD2%2Bgb8UdC5Lr4AogI%2BPMg%3D%3D&trackingId=%2FmfBwk6CSDVmNIpfYQYQug%3D%3D
4190956133,AI Engineer,Rolls-Royce,"Bengaluru, Karnataka, India",https://in.linkedin.com/jobs/view/ai-engineer-at-rolls-royce-4190956133?position=12&pageNum=0&refId=aD2%2Bgb8UdC5Lr4AogI%2BPMg%3D%3D&trackingId=U4XU2DNwDpNyAZjTXr3iNw%3D%3D
4182542944,AI Engineer,Lenovo,"Petaling Jaya, Selangor, Malaysia",https://my.linkedin.com/jobs/view/ai-engineer-at-lenovo-4182542944?position=13&pageNum=0&refId=aD2%2Bgb8UdC5Lr4AogI%2BPMg%3D%3D&trackingId=YGY0K7hEoiS7DNGpi3oojA%3D%3D
4189592177,Cloud & AI/ML Engineer,Samsung India,"Noida, Uttar Pradesh, India",https://in.linkedin.com/jobs/view/cloud-ai-ml-engineer-at-samsung-india-4189592177?position=14&pageNum=0&refId=aD2%2Bgb8UdC5Lr4AogI%2BPMg%3D%3D&trackingId=%2F1B%2BON5Yxml1%2Fkj24w8t9g%3D%3D
4177353423,AI Software Engineer Graduate,TrustFlight,"Vancouver, British Columbia, Canada",https://ca.linkedin.com/jobs/view/ai-software-engineer-graduate-at-trustflight-4177353423?position=15&pageNum=0&refId=aD2%2Bgb8UdC5Lr4AogI%2BPMg%3D%3D&trackingId=EUyeV1jMHqWxeH7VO3eUsg%3D%3D
4197567993,AI SWE,PUNKU.AI,Germany,https://de.linkedin.com/jobs/view/ai-swe-at-punku-ai-4197567993?position=16&pageNum=0&refId=aD2%2Bgb8UdC5Lr4AogI%2BPMg%3D%3D&trackingId=26GUYpAXTD9riFfX6hyEYA%3D%3D
4182698021,"Software Engineer III, AI/ML GenAI, AR",Google,"Mountain View, CA",https://www.linkedin.com/jobs/view/software-engineer-iii-ai-ml-genai-ar-at-google-4182698021?position=17&pageNum=0&refId=aD2%2Bgb8UdC5Lr4AogI%2BPMg%3D%3D&trackingId=I5c6Hzk1AwlbuAbqFoXNSQ%3D%3D
4175516906,"AI Engineer (Python, LLMs)",numi,"London Area, United Kingdom",https://uk.linkedin.com/jobs/view/ai-engineer-python-llms-at-numi-4175516906?position=18&pageNum=0&refId=aD2%2Bgb8UdC5Lr4AogI%2BPMg%3D%3D&trackingId=BsRcaTnlu%2BLAfsQrM4HCqQ%3D%3D
4198402615,Associate Software Engineer - AI/ML,Devsinc,"Lahore, Punjab, Pakistan",https://pk.linkedin.com/jobs/view/associate-software-engineer-ai-ml-at-devsinc-4198402615?position=19&pageNum=0&refId=aD2%2Bgb8UdC5Lr4AogI%2BPMg%3D%3D&trackingId=thu2fm0zKXKpsyjVmn7VOw%3D%3D
4196726744,AI/ML Engineers,CoreTek Labs,"Austin, TX",https://www.linkedin.com/jobs/view/ai-ml-engineers-at-coretek-labs-4196726744?position=20&pageNum=0&refId=aD2%2Bgb8UdC5Lr4AogI%2BPMg%3D%3D&trackingId=q3GTTmBfgA7uv%2Bh1EGkEQw%3D%3D
4190268128,Junior - AI Developer - NextHub Bari,Deloitte,"Bari, Apulia, Italy",https://it.linkedin.com/jobs/view/junior-ai-developer-nexthub-bari-at-deloitte-4190268128?position=21&pageNum=0&refId=aD2%2Bgb8UdC5Lr4AogI%2BPMg%3D%3D&trackingId=274ow3sHQdv37LtOWODkBA%3D%3D
4194507499,Software Engineer Intern- AI/ML & Kubernetes,Nirmata,"Santa Clara, CA",https://www.linkedin.com/jobs/view/software-engineer-intern-ai-ml-kubernetes-at-nirmata-4194507499?position=22&pageNum=0&refId=aD2%2Bgb8UdC5Lr4AogI%2BPMg%3D%3D&trackingId=fArUZuXuKiVt2oXsyAccTg%3D%3D
4196971929,"Software Engineer, AI Retrieval",Asana,"San Francisco, CA",https://www.linkedin.com/jobs/view/software-engineer-ai-retrieval-at-asana-4196971929?position=23&pageNum=0&refId=aD2%2Bgb8UdC5Lr4AogI%2BPMg%3D%3D&trackingId=W3rWfRSYYlAxvn9%2BadKKEQ%3D%3D
4159591740,"Software Engineer III, AI/ML GenAI, Google Ads",Google,"Mountain View, CA",https://www.linkedin.com/jobs/view/software-engineer-iii-ai-ml-genai-google-ads-at-google-4159591740?position=24&pageNum=0&refId=aD2%2Bgb8UdC5Lr4AogI%2BPMg%3D%3D&trackingId=V3j5iUqIWc7yZ83VHlAwmQ%3D%3D
4150917785,"Software Engineer Co-op, AI/ML",Bose Professional,"Hopkinton, MA",https://www.linkedin.com/jobs/view/software-engineer-co-op-ai-ml-at-bose-professional-4150917785?position=25&pageNum=0&refId=aD2%2Bgb8UdC5Lr4AogI%2BPMg%3D%3D&trackingId=aI%2FfeXNfVjCvUfdAeHFzQA%3D%3D
4196712800,ML/AI Engineer,Gravitee,"London, England, United Kingdom",https://uk.linkedin.com/jobs/view/ml-ai-engineer-at-gravitee-4196712800?position=26&pageNum=0&refId=aD2%2Bgb8UdC5Lr4AogI%2BPMg%3D%3D&trackingId=%2BdI9rQC7DenoS%2Bfy7foDlg%3D%3D
4185602616,Software Engineer - ML/AI,Desia,"London Area, United Kingdom",https://uk.linkedin.com/jobs/view/software-engineer-ml-ai-at-desia-4185602616?position=27&pageNum=0&refId=aD2%2Bgb8UdC5Lr4AogI%2BPMg%3D%3D&trackingId=evcVG8MsZyYs3GvifFfCDA%3D%3D
4108992008,"Software Engineer III, AI/ML",Google,"Bengaluru, Karnataka, India",https://in.linkedin.com/jobs/view/software-engineer-iii-ai-ml-at-google-4108992008?position=28&pageNum=0&refId=aD2%2Bgb8UdC5Lr4AogI%2BPMg%3D%3D&trackingId=4YmwqSDIMNKoKu%2BCI47L1g%3D%3D
4193434706,Machine Learning Engineer,airtel,"Gurugram, Haryana, India",https://in.linkedin.com/jobs/view/machine-learning-engineer-at-airtel-4193434706?position=29&pageNum=0&refId=aD2%2Bgb8UdC5Lr4AogI%2BPMg%3D%3D&trackingId=epotaQXXPKYfaoY1AFJ9hg%3D%3D
4173361633,Software Engineer - AI/ML Frontend,Snowflake,"Menlo Park, CA",https://www.linkedin.com/jobs/view/software-engineer-ai-ml-frontend-at-snowflake-4173361633?position=30&pageNum=0&refId=aD2%2Bgb8UdC5Lr4AogI%2BPMg%3D%3D&trackingId=A1HYrvn9zOkAjSm%2FO14VSw%3D%3D
4195257196,"Software Engineer, Machine Learning",Glean,"Palo Alto, CA",https://www.linkedin.com/jobs/view/software-engineer-machine-learning-at-glean-4195257196?position=31&pageNum=0&refId=aD2%2Bgb8UdC5Lr4AogI%2BPMg%3D%3D&trackingId=yxbr9z%2FOV4qM9VCXFIGFPw%3D%3D
4177134461,"Software Engineer III, AI/ML Recommendations, Rankings, Predictions, Google Cloud",Google,"Hyderabad, Telangana, India",https://in.linkedin.com/jobs/view/software-engineer-iii-ai-ml-recommendations-rankings-predictions-google-cloud-at-google-4177134461?position=32&pageNum=0&refId=aD2%2Bgb8UdC5Lr4AogI%2BPMg%3D%3D&trackingId=0ql77ROydxnYbY8T5micjQ%3D%3D
4172397720,Junior AI Engineer,AlphaPoint,"Toronto, Ontario, Canada",https://ca.linkedin.com/jobs/view/junior-ai-engineer-at-alphapoint-4172397720?position=33&pageNum=0&refId=aD2%2Bgb8UdC5Lr4AogI%2BPMg%3D%3D&trackingId=zco3OcGsy26X051t3YqwnQ%3D%3D
4144994812,Junior AI/ML Software Developer,"Paradyme, a CATHEXIS Company","Tysons Corner, VA",https://www.linkedin.com/jobs/view/junior-ai-ml-software-developer-at-paradyme-a-cathexis-company-4144994812?position=34&pageNum=0&refId=aD2%2Bgb8UdC5Lr4AogI%2BPMg%3D%3D&trackingId=srFTZIRXYFJ76PEmyecVaw%3D%3D
4193980396,"Machine Learning Engineer, Applied ML",Robinhood,"Menlo Park, CA",https://www.linkedin.com/jobs/view/machine-learning-engineer-applied-ml-at-robinhood-4193980396?position=35&pageNum=0&refId=aD2%2Bgb8UdC5Lr4AogI%2BPMg%3D%3D&trackingId=lYyEckzr%2Fx5r548EGbjMrw%3D%3D
24198282720,Artificial Intelligence (AI) Developer,FocusPoint®,"Nashville, TN",https://www.linkedin.com/jobs/view/artificial-intelligence-ai-developer-at-focuspoint%C2%AE-4198282720?position=36&pageNum=0&refId=aD2%2Bgb8UdC5Lr4AogI%2BPMg%3D%3D&trackingId=6D9cceKXIns%2FhWDaPzN%2Fgw%3D%3D
4194527561,Data Scientist I,Banco Bradesco,"Osasco, São Paulo, Brazil",https://br.linkedin.com/jobs/view/data-scientist-i-at-banco-bradesco-4194527561?position=37&pageNum=0&refId=aD2%2Bgb8UdC5Lr4AogI%2BPMg%3D%3D&trackingId=mQYO5o3oQA0AUZQvh0HB9Q%3D%3D
4172079850,Software Engineer II- AI/ML,Microsoft,"Hyderabad, Telangana, India",https://in.linkedin.com/jobs/view/software-engineer-ii-ai-ml-at-microsoft-4172079850?position=38&pageNum=0&refId=aD2%2Bgb8UdC5Lr4AogI%2BPMg%3D%3D&trackingId=sZKl0mvriyvCljAN1m2Clg%3D%3D
4192411038,Software/AI Engineer,Eunice,"Greater London, England, United Kingdom",https://uk.linkedin.com/jobs/view/software-ai-engineer-at-eunice-4192411038?position=39&pageNum=0&refId=aD2%2Bgb8UdC5Lr4AogI%2BPMg%3D%3D&trackingId=fU%2B%2B2BWIN6MI2yxfvKYUBQ%3D%3D
4172500326,Junior AI Engineer,AlphaPoint,"Vancouver, British Columbia, Canada",https://ca.linkedin.com/jobs/view/junior-ai-engineer-at-alphapoint-4172500326?position=40&pageNum=0&refId=aD2%2Bgb8UdC5Lr4AogI%2BPMg%3D%3D&trackingId=OpbcrcM6Rset7pwnOHTKMA%3D%3D
4183189877,AI Developer I,Niagara Bottling,"Diamond Bar, CA",https://www.linkedin.com/jobs/view/ai-developer-i-at-niagara-bottling-4183189877?position=41&pageNum=0&refId=aD2%2Bgb8UdC5Lr4AogI%2BPMg%3D%3D&trackingId=BtAJwErWzw88pPWKBgyvTw%3D%3D
4197589072,AI Software Engineer - fresh graduate,Oracle,"Brno, South Moravia, Czechia",https://cz.linkedin.com/jobs/view/ai-software-engineer-fresh-graduate-at-oracle-4197589072?position=42&pageNum=0&refId=aD2%2Bgb8UdC5Lr4AogI%2BPMg%3D%3D&trackingId=coB7Vq5558cqSQ1PujRLbA%3D%3D
4189708890,Junior Copilot AI Developer,First AI,"London, England, United Kingdom",https://uk.linkedin.com/jobs/view/junior-copilot-ai-developer-at-first-ai-4189708890?position=43&pageNum=0&refId=aD2%2Bgb8UdC5Lr4AogI%2BPMg%3D%3D&trackingId=yfXv%2Fz6sXnHaM3TTnVanEQ%3D%3D
4184631543,Junior Full-Stack AI/ML Engineer,PGLS,United States,https://www.linkedin.com/jobs/view/junior-full-stack-ai-ml-engineer-at-pgls-4184631543?position=44&pageNum=0&refId=aD2%2Bgb8UdC5Lr4AogI%2BPMg%3D%3D&trackingId=afd9c5QYUnao05p0yhQYcQ%3D%3D
4167272596,Associate AI Developer,"LCG, Inc.","Bethesda, MD",https://www.linkedin.com/jobs/view/associate-ai-developer-at-lcg-inc-4167272596?position=45&pageNum=0&refId=aD2%2Bgb8UdC5Lr4AogI%2BPMg%3D%3D&trackingId=J7LMEWQ9qET8IXRgo8ElUA%3D%3D
4191585588,Junior AI Developer,BookedBy,"Austin, TX",https://www.linkedin.com/jobs/view/junior-ai-developer-at-bookedby-4191585588?position=46&pageNum=0&refId=aD2%2Bgb8UdC5Lr4AogI%2BPMg%3D%3D&trackingId=23SsDmrPSEKjWKWWGSzcNg%3D%3D
4192820985,AI ML Engineer,Experian,"Hyderabad, Telangana, India",https://in.linkedin.com/jobs/view/ai-ml-engineer-at-experian-4192820985?position=47&pageNum=0&refId=aD2%2Bgb8UdC5Lr4AogI%2BPMg%3D%3D&trackingId=2%2BZux5mnJG3ko8GDT75PMg%3D%3D
4196927968,AI Engineer - Back End,Lazard,"New York, United States",https://www.linkedin.com/jobs/view/ai-engineer-back-end-at-lazard-4196927968?position=48&pageNum=0&refId=aD2%2Bgb8UdC5Lr4AogI%2BPMg%3D%3D&trackingId=zY8mzA4DyJ%2FsbLrzGj7dNw%3D%3D
4174802588,AI / ML Software Engineer (Rif. 2025-75),aizoOn Technology Consulting,Greater Turin Metropolitan Area,https://it.linkedin.com/jobs/view/ai-ml-software-engineer-rif-2025-75-at-aizoon-technology-consulting-4174802588?position=49&pageNum=0&refId=aD2%2Bgb8UdC5Lr4AogI%2BPMg%3D%3D&trackingId=8Y35soh4yIzcreano8ksnQ%3D%3D
4098757579,"Software Engineer, AI",Ascertain,"New York, NY",https://www.linkedin.com/jobs/view/software-engineer-ai-at-ascertain-4098757579?position=50&pageNum=0&refId=aD2%2Bgb8UdC5Lr4AogI%2BPMg%3D%3D&trackingId=C%2Be7vwoT%2BTDCGo3qBDqkMg%3D%3D
4197453847,"Machine Learning Software Engineer, Gemini",Google DeepMind,"Mountain View, CA",https://www.linkedin.com/jobs/view/machine-learning-software-engineer-gemini-at-google-deepmind-4197453847?position=51&pageNum=0&refId=aD2%2Bgb8UdC5Lr4AogI%2BPMg%3D%3D&trackingId=TajXqSrHohtpAtUCSwNJiQ%3D%3D
4180014935,Senior AI Engineer,LinkedIn,"Sunnyvale, CA",https://www.linkedin.com/jobs/view/senior-ai-engineer-at-linkedin-4180014935?position=52&pageNum=0&refId=aD2%2Bgb8UdC5Lr4AogI%2BPMg%3D%3D&trackingId=gfUpGchRyf%2BeMrmipaKN6w%3D%3D
4178777089,AI Engineer (Machine Learning & Computer Vision),In Technology Group,"Leeds, England, United Kingdom",https://uk.linkedin.com/jobs/view/ai-engineer-machine-learning-computer-vision-at-in-technology-group-4178777089?position=53&pageNum=0&refId=aD2%2Bgb8UdC5Lr4AogI%2BPMg%3D%3D&trackingId=5%2FkKYHHCTNQ%2BhVXAptUfDg%3D%3D
4195327784,AI/ML Software Engineer,Sealed Air Corporation,"Charlotte, NC",https://www.linkedin.com/jobs/view/ai-ml-software-engineer-at-sealed-air-corporation-4195327784?position=54&pageNum=0&refId=aD2%2Bgb8UdC5Lr4AogI%2BPMg%3D%3D&trackingId=cRJ2Yny7Kuec9PbWpcbxmQ%3D%3D
4132126399,AI Software Engineer,Brado,"Dallas, TX",https://www.linkedin.com/jobs/view/ai-software-engineer-at-brado-4132126399?position=55&pageNum=0&refId=aD2%2Bgb8UdC5Lr4AogI%2BPMg%3D%3D&trackingId=80leF2iQrBRhljhRtYytDA%3D%3D
4184821384,AI ML Engineer,Pulivarthi Group (PG),United States,https://www.linkedin.com/jobs/view/ai-ml-engineer-at-pulivarthi-group-pg-4184821384?position=56&pageNum=0&refId=aD2%2Bgb8UdC5Lr4AogI%2BPMg%3D%3D&trackingId=gl5okvL5feC%2FnEaxZDtxtA%3D%3D
4178287651,AI Software Engineer - fresh graduate,Oracle,"Brno, South Moravia, Czechia",https://cz.linkedin.com/jobs/view/ai-software-engineer-fresh-graduate-at-oracle-4178287651?position=57&pageNum=0&refId=aD2%2Bgb8UdC5Lr4AogI%2BPMg%3D%3D&trackingId=H8G925zu%2BrkB0eebquMbDg%3D%3D
4114181679,"Software Engineer - AI/ML, Multiple Locations",Microsoft,"Redmond, WA",https://www.linkedin.com/jobs/view/software-engineer-ai-ml-multiple-locations-at-microsoft-4114181679?position=58&pageNum=0&refId=aD2%2Bgb8UdC5Lr4AogI%2BPMg%3D%3D&trackingId=9VkXUYJAIpecUj75k926%2Fw%3D%3D
4194365680,Data Scientist,HDFC Bank,"Mumbai, Maharashtra, India",https://in.linkedin.com/jobs/view/data-scientist-at-hdfc-bank-4194365680?position=59&pageNum=0&refId=aD2%2Bgb8UdC5Lr4AogI%2BPMg%3D%3D&trackingId=B4jUcP0ghVLlwp8VwcMxpw%3D%3D
4192953871,Machine Learning Engineer,Samsung Electronics,"Taguig, National Capital Region, Philippines",https://ph.linkedin.com/jobs/view/machine-learning-engineer-at-samsung-electronics-4192953871?position=60&pageNum=0&refId=aD2%2Bgb8UdC5Lr4AogI%2BPMg%3D%3D&trackingId=irditDxlQ4u6vmldiWd2mw%3D%3D
4190175859,ML Software Engineer (L4/L5) - Media Algorithms,Netflix,"Los Angeles, CA",https://www.linkedin.com/jobs/view/ml-software-engineer-l4-l5-media-algorithms-at-netflix-4190175859?position=1&pageNum=0&refId=VM8xOutEyoOPhWSQc6wFOg%3D%3D&trackingId=zCcCmwZQcVB0Rn0qMdtyWg%3D%3D
4191146990,"Software Engineer, AI Platform - New Grad",Nuro,"Mountain View, CA",https://www.linkedin.com/jobs/view/software-engineer-ai-platform-new-grad-at-nuro-4191146990?position=2&pageNum=0&refId=VM8xOutEyoOPhWSQc6wFOg%3D%3D&trackingId=qRC7nuIYxRYEeO2fbGIZUA%3D%3D
4191815023,AI Engineer,LinkedIn,"Sunnyvale, CA",https://www.linkedin.com/jobs/view/ai-engineer-at-linkedin-4191815023?position=3&pageNum=0&refId=VM8xOutEyoOPhWSQc6wFOg%3D%3D&trackingId=yw0GC6zCwJb%2Fj1hibyTovQ%3D%3D
4148955654,"Software Engineer III, AI/ML Machine Learning, Core",Google,"Bengaluru, Karnataka, India",https://in.linkedin.com/jobs/view/software-engineer-iii-ai-ml-machine-learning-core-at-google-4148955654?position=4&pageNum=0&refId=VM8xOutEyoOPhWSQc6wFOg%3D%3D&trackingId=5gREzfnhpr4OT94LLiFtow%3D%3D
4138218869,AI/ML Developer,Verition Fund Management LLC,"New York, NY",https://www.linkedin.com/jobs/view/ai-ml-developer-at-verition-fund-management-llc-4138218869?position=5&pageNum=0&refId=VM8xOutEyoOPhWSQc6wFOg%3D%3D&trackingId=yGkXkEKjxQcSgkQr3BDlDA%3D%3D
4143949417,AI Engineer,LinkedIn,"Sunnyvale, CA",https://www.linkedin.com/jobs/view/ai-engineer-at-linkedin-4143949417?position=6&pageNum=0&refId=VM8xOutEyoOPhWSQc6wFOg%3D%3D&trackingId=ggxNic%2BtXuA3aqD3OGhjpw%3D%3D
4191423516,AI/ML Engineer,Onix,"Pune, Maharashtra, India",https://in.linkedin.com/jobs/view/ai-ml-engineer-at-onix-4191423516?position=7&pageNum=0&refId=VM8xOutEyoOPhWSQc6wFOg%3D%3D&trackingId=Glw51ATVITpQXLJCPfYjmg%3D%3D
4172659721,Founding AI Engineer,Plain,United Kingdom,https://uk.linkedin.com/jobs/view/founding-ai-engineer-at-plain-4172659721?position=8&pageNum=0&refId=VM8xOutEyoOPhWSQc6wFOg%3D%3D&trackingId=IlGn7EveMnXGNFNyYxepgw%3D%3D
4116226442,Junior AI/ML Software Developer,"Paradyme, a CATHEXIS Company","Redwood City, CA",https://www.linkedin.com/jobs/view/junior-ai-ml-software-developer-at-paradyme-a-cathexis-company-4116226442?position=9&pageNum=0&refId=VM8xOutEyoOPhWSQc6wFOg%3D%3D&trackingId=lR0EZ2Lm%2B5XBnKxhUGwpBw%3D%3D
4180083166,Python Gen AI Developer,LTIMindtree,"Bengaluru, Karnataka, India",https://in.linkedin.com/jobs/view/python-gen-ai-developer-at-ltimindtree-4180083166?position=10&pageNum=0&refId=VM8xOutEyoOPhWSQc6wFOg%3D%3D&trackingId=vkqePr5AsG17jQIfSmOZ%2Fw%3D%3D
4194294347,ML Engineer,Fusemachines,"Pune, Maharashtra, India",https://in.linkedin.com/jobs/view/ml-engineer-at-fusemachines-4194294347?position=11&pageNum=0&refId=VM8xOutEyoOPhWSQc6wFOg%3D%3D&trackingId=oMAPc5aFodH66Cd9FCO1Jg%3D%3D
4190956133,AI Engineer,Rolls-Royce,"Bengaluru, Karnataka, India",https://in.linkedin.com/jobs/view/ai-engineer-at-rolls-royce-4190956133?position=12&pageNum=0&refId=VM8xOutEyoOPhWSQc6wFOg%3D%3D&trackingId=v1Y5TBzZRPWlf05xFVFM3g%3D%3D
4182542944,AI Engineer,Lenovo,"Petaling Jaya, Selangor, Malaysia",https://my.linkedin.com/jobs/view/ai-engineer-at-lenovo-4182542944?position=13&pageNum=0&refId=VM8xOutEyoOPhWSQc6wFOg%3D%3D&trackingId=0B%2BG%2FcY3kSM%2FQiPeobx3Tw%3D%3D
4189592177,Cloud & AI/ML Engineer,Samsung India,"Noida, Uttar Pradesh, India",https://in.linkedin.com/jobs/view/cloud-ai-ml-engineer-at-samsung-india-4189592177?position=14&pageNum=0&refId=VM8xOutEyoOPhWSQc6wFOg%3D%3D&trackingId=UQnc0rAwvBwczNqjlTjw5w%3D%3D
4177353423,AI Software Engineer Graduate,TrustFlight,"Vancouver, British Columbia, Canada",https://ca.linkedin.com/jobs/view/ai-software-engineer-graduate-at-trustflight-4177353423?position=15&pageNum=0&refId=VM8xOutEyoOPhWSQc6wFOg%3D%3D&trackingId=EWOc3Nae9wqWu4LFpw2HSw%3D%3D
4197567993,AI SWE,PUNKU.AI,Germany,https://de.linkedin.com/jobs/view/ai-swe-at-punku-ai-4197567993?position=16&pageNum=0&refId=VM8xOutEyoOPhWSQc6wFOg%3D%3D&trackingId=pGanvhtbs81AWKdhGtqt3Q%3D%3D
4182698021,"Software Engineer III, AI/ML GenAI, AR",Google,"Mountain View, CA",https://www.linkedin.com/jobs/view/software-engineer-iii-ai-ml-genai-ar-at-google-4182698021?position=17&pageNum=0&refId=VM8xOutEyoOPhWSQc6wFOg%3D%3D&trackingId=DMdNyK88IocExbNofExuVQ%3D%3D
4175516906,"AI Engineer (Python, LLMs)",numi,"London Area, United Kingdom",https://uk.linkedin.com/jobs/view/ai-engineer-python-llms-at-numi-4175516906?position=18&pageNum=0&refId=VM8xOutEyoOPhWSQc6wFOg%3D%3D&trackingId=hP%2BN503RRF3d1l3kzgbEbg%3D%3D
4198402615,Associate Software Engineer - AI/ML,Devsinc,"Lahore, Punjab, Pakistan",https://pk.linkedin.com/jobs/view/associate-software-engineer-ai-ml-at-devsinc-4198402615?position=19&pageNum=0&refId=VM8xOutEyoOPhWSQc6wFOg%3D%3D&trackingId=MLURfag5YhSqUPgi2iFg9w%3D%3D
4196726744,AI/ML Engineers,CoreTek Labs,"Austin, TX",https://www.linkedin.com/jobs/view/ai-ml-engineers-at-coretek-labs-4196726744?position=20&pageNum=0&refId=VM8xOutEyoOPhWSQc6wFOg%3D%3D&trackingId=8OU1hplS6tP9jrmZJYcLnQ%3D%3D
4190268128,Junior - AI Developer - NextHub Bari,Deloitte,"Bari, Apulia, Italy",https://it.linkedin.com/jobs/view/junior-ai-developer-nexthub-bari-at-deloitte-4190268128?position=21&pageNum=0&refId=VM8xOutEyoOPhWSQc6wFOg%3D%3D&trackingId=thrl2MppjE%2Forn2baJqFVQ%3D%3D
4194507499,Software Engineer Intern- AI/ML & Kubernetes,Nirmata,"Santa Clara, CA",https://www.linkedin.com/jobs/view/software-engineer-intern-ai-ml-kubernetes-at-nirmata-4194507499?position=22&pageNum=0&refId=VM8xOutEyoOPhWSQc6wFOg%3D%3D&trackingId=uwEvfzMvP3ihYkAHjir8Iw%3D%3D
4196971929,"Software Engineer, AI Retrieval",Asana,"San Francisco, CA",https://www.linkedin.com/jobs/view/software-engineer-ai-retrieval-at-asana-4196971929?position=23&pageNum=0&refId=VM8xOutEyoOPhWSQc6wFOg%3D%3D&trackingId=yPlqt0jVB7a0m0KGeMalaQ%3D%3D
4159591740,"Software Engineer III, AI/ML GenAI, Google Ads",Google,"Mountain View, CA",https://www.linkedin.com/jobs/view/software-engineer-iii-ai-ml-genai-google-ads-at-google-4159591740?position=24&pageNum=0&refId=VM8xOutEyoOPhWSQc6wFOg%3D%3D&trackingId=oUkCKbdllLCu02U9zR9YJA%3D%3D
4150917785,"Software Engineer Co-op, AI/ML",Bose Professional,"Hopkinton, MA",https://www.linkedin.com/jobs/view/software-engineer-co-op-ai-ml-at-bose-professional-4150917785?position=25&pageNum=0&refId=VM8xOutEyoOPhWSQc6wFOg%3D%3D&trackingId=Jj5JPwDyW%2BklaQIB%2FtrJLw%3D%3D
4196712800,ML/AI Engineer,Gravitee,"London, England, United Kingdom",https://uk.linkedin.com/jobs/view/ml-ai-engineer-at-gravitee-4196712800?position=26&pageNum=0&refId=VM8xOutEyoOPhWSQc6wFOg%3D%3D&trackingId=jVITOmkinJT%2BdxalO8fD%2FQ%3D%3D
4185602616,Software Engineer - ML/AI,Desia,"London Area, United Kingdom",https://uk.linkedin.com/jobs/view/software-engineer-ml-ai-at-desia-4185602616?position=27&pageNum=0&refId=VM8xOutEyoOPhWSQc6wFOg%3D%3D&trackingId=g5miUaXhSd3IOxZRNFToxA%3D%3D
4108992008,"Software Engineer III, AI/ML",Google,"Bengaluru, Karnataka, India",https://in.linkedin.com/jobs/view/software-engineer-iii-ai-ml-at-google-4108992008?position=28&pageNum=0&refId=VM8xOutEyoOPhWSQc6wFOg%3D%3D&trackingId=HML6YiCn3ohnHOagW7ToiA%3D%3D
4193434706,Machine Learning Engineer,airtel,"Gurugram, Haryana, India",https://in.linkedin.com/jobs/view/machine-learning-engineer-at-airtel-4193434706?position=29&pageNum=0&refId=VM8xOutEyoOPhWSQc6wFOg%3D%3D&trackingId=sbLr296rTw%2BbnF%2FB7Q7GrQ%3D%3D
4173361633,Software Engineer - AI/ML Frontend,Snowflake,"Menlo Park, CA",https://www.linkedin.com/jobs/view/software-engineer-ai-ml-frontend-at-snowflake-4173361633?position=30&pageNum=0&refId=VM8xOutEyoOPhWSQc6wFOg%3D%3D&trackingId=axWDwjZXaXhDP92KVOK7Bw%3D%3D
4195257196,"Software Engineer, Machine Learning",Glean,"Palo Alto, CA",https://www.linkedin.com/jobs/view/software-engineer-machine-learning-at-glean-4195257196?position=31&pageNum=0&refId=VM8xOutEyoOPhWSQc6wFOg%3D%3D&trackingId=c%2FDwihlAI6G%2BFabW4wtgVQ%3D%3D
4177134461,"Software Engineer III, AI/ML Recommendations, Rankings, Predictions, Google Cloud",Google,"Hyderabad, Telangana, India",https://in.linkedin.com/jobs/view/software-engineer-iii-ai-ml-recommendations-rankings-predictions-google-cloud-at-google-4177134461?position=32&pageNum=0&refId=VM8xOutEyoOPhWSQc6wFOg%3D%3D&trackingId=PAFrRIhSTNA7uDyjgpDxDA%3D%3D
4172397720,Junior AI Engineer,AlphaPoint,"Toronto, Ontario, Canada",https://ca.linkedin.com/jobs/view/junior-ai-engineer-at-alphapoint-4172397720?position=33&pageNum=0&refId=VM8xOutEyoOPhWSQc6wFOg%3D%3D&trackingId=R5VYVgpnIl5HjNuFQ7hiAg%3D%3D
4144994812,Junior AI/ML Software Developer,"Paradyme, a CATHEXIS Company","Tysons Corner, VA",https://www.linkedin.com/jobs/view/junior-ai-ml-software-developer-at-paradyme-a-cathexis-company-4144994812?position=34&pageNum=0&refId=VM8xOutEyoOPhWSQc6wFOg%3D%3D&trackingId=rO4lEGrgNptr5RwRJihuxQ%3D%3D
4193980396,"Machine Learning Engineer, Applied ML",Robinhood,"Menlo Park, CA",https://www.linkedin.com/jobs/view/machine-learning-engineer-applied-ml-at-robinhood-4193980396?position=35&pageNum=0&refId=VM8xOutEyoOPhWSQc6wFOg%3D%3D&trackingId=hoX4nkXXgw5uRoLJ43FmkA%3D%3D
24198282720,Artificial Intelligence (AI) Developer,FocusPoint®,"Nashville, TN",https://www.linkedin.com/jobs/view/artificial-intelligence-ai-developer-at-focuspoint%C2%AE-4198282720?position=36&pageNum=0&refId=VM8xOutEyoOPhWSQc6wFOg%3D%3D&trackingId=wl%2FFm%2B%2Bx15Cm1CUxbrLq7w%3D%3D
4194527561,Data Scientist I,Banco Bradesco,"Osasco, São Paulo, Brazil",https://br.linkedin.com/jobs/view/data-scientist-i-at-banco-bradesco-4194527561?position=37&pageNum=0&refId=VM8xOutEyoOPhWSQc6wFOg%3D%3D&trackingId=QwQNojePEw3W%2FcCpSOQvHg%3D%3D
4172079850,Software Engineer II- AI/ML,Microsoft,"Hyderabad, Telangana, India",https://in.linkedin.com/jobs/view/software-engineer-ii-ai-ml-at-microsoft-4172079850?position=38&pageNum=0&refId=VM8xOutEyoOPhWSQc6wFOg%3D%3D&trackingId=aEUd2I955mETANSyydggQQ%3D%3D
4192411038,Software/AI Engineer,Eunice,"Greater London, England, United Kingdom",https://uk.linkedin.com/jobs/view/software-ai-engineer-at-eunice-4192411038?position=39&pageNum=0&refId=VM8xOutEyoOPhWSQc6wFOg%3D%3D&trackingId=qLFLm5nrsnOLdJfstBV7uQ%3D%3D
4172500326,Junior AI Engineer,AlphaPoint,"Vancouver, British Columbia, Canada",https://ca.linkedin.com/jobs/view/junior-ai-engineer-at-alphapoint-4172500326?position=40&pageNum=0&refId=VM8xOutEyoOPhWSQc6wFOg%3D%3D&trackingId=tpHded4rAAfc7x4IbZmjeA%3D%3D
4183189877,AI Developer I,Niagara Bottling,"Diamond Bar, CA",https://www.linkedin.com/jobs/view/ai-developer-i-at-niagara-bottling-4183189877?position=41&pageNum=0&refId=VM8xOutEyoOPhWSQc6wFOg%3D%3D&trackingId=m63djKphzHpRzdE3QHGC%2BA%3D%3D
4197589072,AI Software Engineer - fresh graduate,Oracle,"Brno, South Moravia, Czechia",https://cz.linkedin.com/jobs/view/ai-software-engineer-fresh-graduate-at-oracle-4197589072?position=42&pageNum=0&refId=VM8xOutEyoOPhWSQc6wFOg%3D%3D&trackingId=N5KBAjfsuy6I9E3C23qSoQ%3D%3D
4189708890,Junior Copilot AI Developer,First AI,"London, England, United Kingdom",https://uk.linkedin.com/jobs/view/junior-copilot-ai-developer-at-first-ai-4189708890?position=43&pageNum=0&refId=VM8xOutEyoOPhWSQc6wFOg%3D%3D&trackingId=4sJQNxiYtCu%2BISfFVKxYCg%3D%3D
4184631543,Junior Full-Stack AI/ML Engineer,PGLS,United States,https://www.linkedin.com/jobs/view/junior-full-stack-ai-ml-engineer-at-pgls-4184631543?position=44&pageNum=0&refId=VM8xOutEyoOPhWSQc6wFOg%3D%3D&trackingId=CDnqtZYxqD9R4HKEqRBQhA%3D%3D
4167272596,Associate AI Developer,"LCG, Inc.","Bethesda, MD",https://www.linkedin.com/jobs/view/associate-ai-developer-at-lcg-inc-4167272596?position=45&pageNum=0&refId=VM8xOutEyoOPhWSQc6wFOg%3D%3D&trackingId=k0nYafKNCcbuq6oWGt%2Berw%3D%3D
4191585588,Junior AI Developer,BookedBy,"Austin, TX",https://www.linkedin.com/jobs/view/junior-ai-developer-at-bookedby-4191585588?position=46&pageNum=0&refId=VM8xOutEyoOPhWSQc6wFOg%3D%3D&trackingId=f5g89%2F%2Fw0wCGhJhTUU4dDw%3D%3D
4192820985,AI ML Engineer,Experian,"Hyderabad, Telangana, India",https://in.linkedin.com/jobs/view/ai-ml-engineer-at-experian-4192820985?position=47&pageNum=0&refId=VM8xOutEyoOPhWSQc6wFOg%3D%3D&trackingId=7w04eIAlp40rUfbwK2D%2B8g%3D%3D
4196927968,AI Engineer - Back End,Lazard,"New York, United States",https://www.linkedin.com/jobs/view/ai-engineer-back-end-at-lazard-4196927968?position=48&pageNum=0&refId=VM8xOutEyoOPhWSQc6wFOg%3D%3D&trackingId=N%2Bu%2BURmshSmDM%2FW%2FfiiGZw%3D%3D
4174802588,AI / ML Software Engineer (Rif. 2025-75),aizoOn Technology Consulting,Greater Turin Metropolitan Area,https://it.linkedin.com/jobs/view/ai-ml-software-engineer-rif-2025-75-at-aizoon-technology-consulting-4174802588?position=49&pageNum=0&refId=VM8xOutEyoOPhWSQc6wFOg%3D%3D&trackingId=ss2VryQJ%2FjYAQ%2BcqA9PagA%3D%3D
4098757579,"Software Engineer, AI",Ascertain,"New York, NY",https://www.linkedin.com/jobs/view/software-engineer-ai-at-ascertain-4098757579?position=50&pageNum=0&refId=VM8xOutEyoOPhWSQc6wFOg%3D%3D&trackingId=wIH0sF74fv7IIWI%2BKlHt5Q%3D%3D
4197453847,"Machine Learning Software Engineer, Gemini",Google DeepMind,"Mountain View, CA",https://www.linkedin.com/jobs/view/machine-learning-software-engineer-gemini-at-google-deepmind-4197453847?position=51&pageNum=0&refId=VM8xOutEyoOPhWSQc6wFOg%3D%3D&trackingId=4PtLZh3YZEHBOa95nB5xDg%3D%3D
4180014935,Senior AI Engineer,LinkedIn,"Sunnyvale, CA",https://www.linkedin.com/jobs/view/senior-ai-engineer-at-linkedin-4180014935?position=52&pageNum=0&refId=VM8xOutEyoOPhWSQc6wFOg%3D%3D&trackingId=sSjp%2B4PsyOFgDVKSJCXsCg%3D%3D
4178777089,AI Engineer (Machine Learning & Computer Vision),In Technology Group,"Leeds, England, United Kingdom",https://uk.linkedin.com/jobs/view/ai-engineer-machine-learning-computer-vision-at-in-technology-group-4178777089?position=53&pageNum=0&refId=VM8xOutEyoOPhWSQc6wFOg%3D%3D&trackingId=ZmjPlcvwcWUb9Gm9dR%2BupA%3D%3D
4195327784,AI/ML Software Engineer,Sealed Air Corporation,"Charlotte, NC",https://www.linkedin.com/jobs/view/ai-ml-software-engineer-at-sealed-air-corporation-4195327784?position=54&pageNum=0&refId=VM8xOutEyoOPhWSQc6wFOg%3D%3D&trackingId=RJfUeQw3rN851z3RizGMvg%3D%3D
4132126399,AI Software Engineer,Brado,"Dallas, TX",https://www.linkedin.com/jobs/view/ai-software-engineer-at-brado-4132126399?position=55&pageNum=0&refId=VM8xOutEyoOPhWSQc6wFOg%3D%3D&trackingId=ZXNhMKYNG8aMn6C4hdWDSg%3D%3D
4184821384,AI ML Engineer,Pulivarthi Group (PG),United States,https://www.linkedin.com/jobs/view/ai-ml-engineer-at-pulivarthi-group-pg-4184821384?position=56&pageNum=0&refId=VM8xOutEyoOPhWSQc6wFOg%3D%3D&trackingId=E3pMZwI1OK35vV0JOEVNtQ%3D%3D
4178287651,AI Software Engineer - fresh graduate,Oracle,"Brno, South Moravia, Czechia",https://cz.linkedin.com/jobs/view/ai-software-engineer-fresh-graduate-at-oracle-4178287651?position=57&pageNum=0&refId=VM8xOutEyoOPhWSQc6wFOg%3D%3D&trackingId=YloYMXPOwPXG%2FKIupp8sig%3D%3D
4114181679,"Software Engineer - AI/ML, Multiple Locations",Microsoft,"Redmond, WA",https://www.linkedin.com/jobs/view/software-engineer-ai-ml-multiple-locations-at-microsoft-4114181679?position=58&pageNum=0&refId=VM8xOutEyoOPhWSQc6wFOg%3D%3D&trackingId=bRG9eI97ywuZWiw7Aqf37A%3D%3D
4194365680,Data Scientist,HDFC Bank,"Mumbai, Maharashtra, India",https://in.linkedin.com/jobs/view/data-scientist-at-hdfc-bank-4194365680?position=59&pageNum=0&refId=VM8xOutEyoOPhWSQc6wFOg%3D%3D&trackingId=K0Xhi%2BC6OKWD3lCSYvTuog%3D%3D
4192953871,Machine Learning Engineer,Samsung Electronics,"Taguig, National Capital Region, Philippines",https://ph.linkedin.com/jobs/view/machine-learning-engineer-at-samsung-electronics-4192953871?position=60&pageNum=0&refId=VM8xOutEyoOPhWSQc6wFOg%3D%3D&trackingId=56HbcB2XLpzH8vHmLNyh3Q%3D%3D
4190175859,ML Software Engineer (L4/L5) - Media Algorithms,Netflix,"Los Angeles, CA",https://www.linkedin.com/jobs/view/ml-software-engineer-l4-l5-media-algorithms-at-netflix-4190175859?position=1&pageNum=0&refId=ztAyIzb4RszxrrAy4Hljyw%3D%3D&trackingId=uGGmwjLuHJBxRHgvMc8F8w%3D%3D
4191146990,"Software Engineer, AI Platform - New Grad",Nuro,"Mountain View, CA",https://www.linkedin.com/jobs/view/software-engineer-ai-platform-new-grad-at-nuro-4191146990?position=2&pageNum=0&refId=ztAyIzb4RszxrrAy4Hljyw%3D%3D&trackingId=Pug4gEorD82F0bFf%2F6TS%2FA%3D%3D
4191815023,AI Engineer,LinkedIn,"Sunnyvale, CA",https://www.linkedin.com/jobs/view/ai-engineer-at-linkedin-4191815023?position=3&pageNum=0&refId=ztAyIzb4RszxrrAy4Hljyw%3D%3D&trackingId=eYeI5CCBflSVN7SfSx5Ukw%3D%3D
4148955654,"Software Engineer III, AI/ML Machine Learning, Core",Google,"Bengaluru, Karnataka, India",https://in.linkedin.com/jobs/view/software-engineer-iii-ai-ml-machine-learning-core-at-google-4148955654?position=4&pageNum=0&refId=ztAyIzb4RszxrrAy4Hljyw%3D%3D&trackingId=mG1wVdFdP%2B49B4WTVZBRzw%3D%3D
4138218869,AI/ML Developer,Verition Fund Management LLC,"New York, NY",https://www.linkedin.com/jobs/view/ai-ml-developer-at-verition-fund-management-llc-4138218869?position=5&pageNum=0&refId=ztAyIzb4RszxrrAy4Hljyw%3D%3D&trackingId=UNagLWT7OIztUgaoAr7Ihw%3D%3D
4143949417,AI Engineer,LinkedIn,"Sunnyvale, CA",https://www.linkedin.com/jobs/view/ai-engineer-at-linkedin-4143949417?position=6&pageNum=0&refId=ztAyIzb4RszxrrAy4Hljyw%3D%3D&trackingId=uNq5lOjIPiqN7kUYMZii0w%3D%3D
4191423516,AI/ML Engineer,Onix,"Pune, Maharashtra, India",https://in.linkedin.com/jobs/view/ai-ml-engineer-at-onix-4191423516?position=7&pageNum=0&refId=ztAyIzb4RszxrrAy4Hljyw%3D%3D&trackingId=qvx8ZE6DSZFJ61rZdSjdeQ%3D%3D
4172659721,Founding AI Engineer,Plain,United Kingdom,https://uk.linkedin.com/jobs/view/founding-ai-engineer-at-plain-4172659721?position=8&pageNum=0&refId=ztAyIzb4RszxrrAy4Hljyw%3D%3D&trackingId=HtkS%2BHlOJQIE5cS7qw%2BpZg%3D%3D
4116226442,Junior AI/ML Software Developer,"Paradyme, a CATHEXIS Company","Redwood City, CA",https://www.linkedin.com/jobs/view/junior-ai-ml-software-developer-at-paradyme-a-cathexis-company-4116226442?position=9&pageNum=0&refId=ztAyIzb4RszxrrAy4Hljyw%3D%3D&trackingId=STEkhXH9qAfuTUc5Zs%2Fm7Q%3D%3D
4180083166,Python Gen AI Developer,LTIMindtree,"Bengaluru, Karnataka, India",https://in.linkedin.com/jobs/view/python-gen-ai-developer-at-ltimindtree-4180083166?position=10&pageNum=0&refId=ztAyIzb4RszxrrAy4Hljyw%3D%3D&trackingId=hZI2C7EQp3ASCwxEqKXruA%3D%3D
4194294347,ML Engineer,Fusemachines,"Pune, Maharashtra, India",https://in.linkedin.com/jobs/view/ml-engineer-at-fusemachines-4194294347?position=11&pageNum=0&refId=ztAyIzb4RszxrrAy4Hljyw%3D%3D&trackingId=HAGpu9kDTu5%2FWO28h%2BElrw%3D%3D
4190956133,AI Engineer,Rolls-Royce,"Bengaluru, Karnataka, India",https://in.linkedin.com/jobs/view/ai-engineer-at-rolls-royce-4190956133?position=12&pageNum=0&refId=ztAyIzb4RszxrrAy4Hljyw%3D%3D&trackingId=E7Y7n6IjMC%2FomthUnrgRDw%3D%3D
4182542944,AI Engineer,Lenovo,"Petaling Jaya, Selangor, Malaysia",https://my.linkedin.com/jobs/view/ai-engineer-at-lenovo-4182542944?position=13&pageNum=0&refId=ztAyIzb4RszxrrAy4Hljyw%3D%3D&trackingId=u9xaQabCXV5LkhNPWCsA0Q%3D%3D
4189592177,Cloud & AI/ML Engineer,Samsung India,"Noida, Uttar Pradesh, India",https://in.linkedin.com/jobs/view/cloud-ai-ml-engineer-at-samsung-india-4189592177?position=14&pageNum=0&refId=ztAyIzb4RszxrrAy4Hljyw%3D%3D&trackingId=%2Bw6hxx7A9lmj7CONoBfTzA%3D%3D
4177353423,AI Software Engineer Graduate,TrustFlight,"Vancouver, British Columbia, Canada",https://ca.linkedin.com/jobs/view/ai-software-engineer-graduate-at-trustflight-4177353423?position=15&pageNum=0&refId=ztAyIzb4RszxrrAy4Hljyw%3D%3D&trackingId=6gjzJWtAigJknpnqm7mP8A%3D%3D
4197567993,AI SWE,PUNKU.AI,Germany,https://de.linkedin.com/jobs/view/ai-swe-at-punku-ai-4197567993?position=16&pageNum=0&refId=ztAyIzb4RszxrrAy4Hljyw%3D%3D&trackingId=9Jh0MwEYr%2B2n3Z7Q%2BsppoQ%3D%3D
4182698021,"Software Engineer III, AI/ML GenAI, AR",Google,"Mountain View, CA",https://www.linkedin.com/jobs/view/software-engineer-iii-ai-ml-genai-ar-at-google-4182698021?position=17&pageNum=0&refId=ztAyIzb4RszxrrAy4Hljyw%3D%3D&trackingId=ZSVn%2BydUUlvrZwvcEHwWIQ%3D%3D
4175516906,"AI Engineer (Python, LLMs)",numi,"London Area, United Kingdom",https://uk.linkedin.com/jobs/view/ai-engineer-python-llms-at-numi-4175516906?position=18&pageNum=0&refId=ztAyIzb4RszxrrAy4Hljyw%3D%3D&trackingId=y6suNZrOqzhxfp5bDATF4w%3D%3D
4198402615,Associate Software Engineer - AI/ML,Devsinc,"Lahore, Punjab, Pakistan",https://pk.linkedin.com/jobs/view/associate-software-engineer-ai-ml-at-devsinc-4198402615?position=19&pageNum=0&refId=ztAyIzb4RszxrrAy4Hljyw%3D%3D&trackingId=7jgMFH9oDBWCN7Q0zNyfbg%3D%3D
4196726744,AI/ML Engineers,CoreTek Labs,"Austin, TX",https://www.linkedin.com/jobs/view/ai-ml-engineers-at-coretek-labs-4196726744?position=20&pageNum=0&refId=ztAyIzb4RszxrrAy4Hljyw%3D%3D&trackingId=5a1CGua7Mw431wNnCPaCIw%3D%3D
4190268128,Junior - AI Developer - NextHub Bari,Deloitte,"Bari, Apulia, Italy",https://it.linkedin.com/jobs/view/junior-ai-developer-nexthub-bari-at-deloitte-4190268128?position=21&pageNum=0&refId=ztAyIzb4RszxrrAy4Hljyw%3D%3D&trackingId=kBIhUM3Bem8UjQBxepEuqw%3D%3D
4194507499,Software Engineer Intern- AI/ML & Kubernetes,Nirmata,"Santa Clara, CA",https://www.linkedin.com/jobs/view/software-engineer-intern-ai-ml-kubernetes-at-nirmata-4194507499?position=22&pageNum=0&refId=ztAyIzb4RszxrrAy4Hljyw%3D%3D&trackingId=zlKXwGCUUVpkDZV7RLV3cw%3D%3D
4196971929,"Software Engineer, AI Retrieval",Asana,"San Francisco, CA",https://www.linkedin.com/jobs/view/software-engineer-ai-retrieval-at-asana-4196971929?position=23&pageNum=0&refId=ztAyIzb4RszxrrAy4Hljyw%3D%3D&trackingId=d%2BKQuGeFt%2BxeuK0u6OgMqQ%3D%3D
4159591740,"Software Engineer III, AI/ML GenAI, Google Ads",Google,"Mountain View, CA",https://www.linkedin.com/jobs/view/software-engineer-iii-ai-ml-genai-google-ads-at-google-4159591740?position=24&pageNum=0&refId=ztAyIzb4RszxrrAy4Hljyw%3D%3D&trackingId=IeJHQMejYVvzDshhwk8U5g%3D%3D
4150917785,"Software Engineer Co-op, AI/ML",Bose Professional,"Hopkinton, MA",https://www.linkedin.com/jobs/view/software-engineer-co-op-ai-ml-at-bose-professional-4150917785?position=25&pageNum=0&refId=ztAyIzb4RszxrrAy4Hljyw%3D%3D&trackingId=0Vu%2F4%2BvCWoLpSuEDk%2FRmYQ%3D%3D
4196712800,ML/AI Engineer,Gravitee,"London, England, United Kingdom",https://uk.linkedin.com/jobs/view/ml-ai-engineer-at-gravitee-4196712800?position=26&pageNum=0&refId=ztAyIzb4RszxrrAy4Hljyw%3D%3D&trackingId=rm%2BWQl8YsRVnTOfoE23BCg%3D%3D
4185602616,Software Engineer - ML/AI,Desia,"London Area, United Kingdom",https://uk.linkedin.com/jobs/view/software-engineer-ml-ai-at-desia-4185602616?position=27&pageNum=0&refId=ztAyIzb4RszxrrAy4Hljyw%3D%3D&trackingId=LWRgVpJoxStAc4wgzHzevg%3D%3D
4108992008,"Software Engineer III, AI/ML",Google,"Bengaluru, Karnataka, India",https://in.linkedin.com/jobs/view/software-engineer-iii-ai-ml-at-google-4108992008?position=28&pageNum=0&refId=ztAyIzb4RszxrrAy4Hljyw%3D%3D&trackingId=C9uDgdSlZ1WPYf7IslN2ww%3D%3D
4193434706,Machine Learning Engineer,airtel,"Gurugram, Haryana, India",https://in.linkedin.com/jobs/view/machine-learning-engineer-at-airtel-4193434706?position=29&pageNum=0&refId=ztAyIzb4RszxrrAy4Hljyw%3D%3D&trackingId=YdBcCXlkw6CJ9F4lixMkqA%3D%3D
4173361633,Software Engineer - AI/ML Frontend,Snowflake,"Menlo Park, CA",https://www.linkedin.com/jobs/view/software-engineer-ai-ml-frontend-at-snowflake-4173361633?position=30&pageNum=0&refId=ztAyIzb4RszxrrAy4Hljyw%3D%3D&trackingId=EWTmzAPyAVOr2yMkMJnm4g%3D%3D
4195257196,"Software Engineer, Machine Learning",Glean,"Palo Alto, CA",https://www.linkedin.com/jobs/view/software-engineer-machine-learning-at-glean-4195257196?position=31&pageNum=0&refId=ztAyIzb4RszxrrAy4Hljyw%3D%3D&trackingId=WTxfpwc19BvWO9tZViWUwQ%3D%3D
4177134461,"Software Engineer III, AI/ML Recommendations, Rankings, Predictions, Google Cloud",Google,"Hyderabad, Telangana, India",https://in.linkedin.com/jobs/view/software-engineer-iii-ai-ml-recommendations-rankings-predictions-google-cloud-at-google-4177134461?position=32&pageNum=0&refId=ztAyIzb4RszxrrAy4Hljyw%3D%3D&trackingId=nbHAJgJgPsIHN0%2FvWm9XQg%3D%3D
4172397720,Junior AI Engineer,AlphaPoint,"Toronto, Ontario, Canada",https://ca.linkedin.com/jobs/view/junior-ai-engineer-at-alphapoint-4172397720?position=33&pageNum=0&refId=ztAyIzb4RszxrrAy4Hljyw%3D%3D&trackingId=ss%2BYwdDr4%2Bzt%2F6QC8EoqGQ%3D%3D
4144994812,Junior AI/ML Software Developer,"Paradyme, a CATHEXIS Company","Tysons Corner, VA",https://www.linkedin.com/jobs/view/junior-ai-ml-software-developer-at-paradyme-a-cathexis-company-4144994812?position=34&pageNum=0&refId=ztAyIzb4RszxrrAy4Hljyw%3D%3D&trackingId=Xn%2B8LE7FPAeX7QWpjsGI7Q%3D%3D
4193980396,"Machine Learning Engineer, Applied ML",Robinhood,"Menlo Park, CA",https://www.linkedin.com/jobs/view/machine-learning-engineer-applied-ml-at-robinhood-4193980396?position=35&pageNum=0&refId=ztAyIzb4RszxrrAy4Hljyw%3D%3D&trackingId=OEEijF46wvf3Xyj9PoP1dw%3D%3D
24198282720,Artificial Intelligence (AI) Developer,FocusPoint®,"Nashville, TN",https://www.linkedin.com/jobs/view/artificial-intelligence-ai-developer-at-focuspoint%C2%AE-4198282720?position=36&pageNum=0&refId=ztAyIzb4RszxrrAy4Hljyw%3D%3D&trackingId=6vJS4GlAECrpkycE27h3xQ%3D%3D
4194527561,Data Scientist I,Banco Bradesco,"Osasco, São Paulo, Brazil",https://br.linkedin.com/jobs/view/data-scientist-i-at-banco-bradesco-4194527561?position=37&pageNum=0&refId=ztAyIzb4RszxrrAy4Hljyw%3D%3D&trackingId=sgn0fo24RJ2Ni81G6anYkg%3D%3D
4172079850,Software Engineer II- AI/ML,Microsoft,"Hyderabad, Telangana, India",https://in.linkedin.com/jobs/view/software-engineer-ii-ai-ml-at-microsoft-4172079850?position=38&pageNum=0&refId=ztAyIzb4RszxrrAy4Hljyw%3D%3D&trackingId=U8QYfpX4qsDepyCg%2FTj33A%3D%3D
4192411038,Software/AI Engineer,Eunice,"Greater London, England, United Kingdom",https://uk.linkedin.com/jobs/view/software-ai-engineer-at-eunice-4192411038?position=39&pageNum=0&refId=ztAyIzb4RszxrrAy4Hljyw%3D%3D&trackingId=xuptmfEUzKHm8n5msz%2Flsw%3D%3D
4172500326,Junior AI Engineer,AlphaPoint,"Vancouver, British Columbia, Canada",https://ca.linkedin.com/jobs/view/junior-ai-engineer-at-alphapoint-4172500326?position=40&pageNum=0&refId=ztAyIzb4RszxrrAy4Hljyw%3D%3D&trackingId=ptfzz0XEqfvq1QhR04T4zA%3D%3D
4183189877,AI Developer I,Niagara Bottling,"Diamond Bar, CA",https://www.linkedin.com/jobs/view/ai-developer-i-at-niagara-bottling-4183189877?position=41&pageNum=0&refId=ztAyIzb4RszxrrAy4Hljyw%3D%3D&trackingId=rMYj0mjN7bay4CqOEYoAaA%3D%3D
4197589072,AI Software Engineer - fresh graduate,Oracle,"Brno, South Moravia, Czechia",https://cz.linkedin.com/jobs/view/ai-software-engineer-fresh-graduate-at-oracle-4197589072?position=42&pageNum=0&refId=ztAyIzb4RszxrrAy4Hljyw%3D%3D&trackingId=LsOZA0K%2FnzpGrUDh0E3xQg%3D%3D
4189708890,Junior Copilot AI Developer,First AI,"London, England, United Kingdom",https://uk.linkedin.com/jobs/view/junior-copilot-ai-developer-at-first-ai-4189708890?position=43&pageNum=0&refId=ztAyIzb4RszxrrAy4Hljyw%3D%3D&trackingId=xPcGHBcUmdbGzgHX7I%2F3AQ%3D%3D
4184631543,Junior Full-Stack AI/ML Engineer,PGLS,United States,https://www.linkedin.com/jobs/view/junior-full-stack-ai-ml-engineer-at-pgls-4184631543?position=44&pageNum=0&refId=ztAyIzb4RszxrrAy4Hljyw%3D%3D&trackingId=7Q25sJTF1ytoOIKY9%2FdgeQ%3D%3D
4167272596,Associate AI Developer,"LCG, Inc.","Bethesda, MD",https://www.linkedin.com/jobs/view/associate-ai-developer-at-lcg-inc-4167272596?position=45&pageNum=0&refId=ztAyIzb4RszxrrAy4Hljyw%3D%3D&trackingId=9zL%2BAFSrCHzxMj4NSeY49Q%3D%3D
4191585588,Junior AI Developer,BookedBy,"Austin, TX",https://www.linkedin.com/jobs/view/junior-ai-developer-at-bookedby-4191585588?position=46&pageNum=0&refId=ztAyIzb4RszxrrAy4Hljyw%3D%3D&trackingId=eItJGUvwQXKcTTRiAnmi5w%3D%3D
4192820985,AI ML Engineer,Experian,"Hyderabad, Telangana, India",https://in.linkedin.com/jobs/view/ai-ml-engineer-at-experian-4192820985?position=47&pageNum=0&refId=ztAyIzb4RszxrrAy4Hljyw%3D%3D&trackingId=6bD5rIDGm0JQ%2FTDfADGqRw%3D%3D
4196927968,AI Engineer - Back End,Lazard,"New York, United States",https://www.linkedin.com/jobs/view/ai-engineer-back-end-at-lazard-4196927968?position=48&pageNum=0&refId=ztAyIzb4RszxrrAy4Hljyw%3D%3D&trackingId=8roeggb59OGX0zbnDvKYZQ%3D%3D
4174802588,AI / ML Software Engineer (Rif. 2025-75),aizoOn Technology Consulting,Greater Turin Metropolitan Area,https://it.linkedin.com/jobs/view/ai-ml-software-engineer-rif-2025-75-at-aizoon-technology-consulting-4174802588?position=49&pageNum=0&refId=ztAyIzb4RszxrrAy4Hljyw%3D%3D&trackingId=pYxERb%2B%2BijnwrrwzmwOuow%3D%3D
4098757579,"Software Engineer, AI",Ascertain,"New York, NY",https://www.linkedin.com/jobs/view/software-engineer-ai-at-ascertain-4098757579?position=50&pageNum=0&refId=ztAyIzb4RszxrrAy4Hljyw%3D%3D&trackingId=9JYNtt5Yw2b8bregJr3d3Q%3D%3D
4197453847,"Machine Learning Software Engineer, Gemini",Google DeepMind,"Mountain View, CA",https://www.linkedin.com/jobs/view/machine-learning-software-engineer-gemini-at-google-deepmind-4197453847?position=51&pageNum=0&refId=ztAyIzb4RszxrrAy4Hljyw%3D%3D&trackingId=Bvk2LAONryJWmWbmC50Ppg%3D%3D
4180014935,Senior AI Engineer,LinkedIn,"Sunnyvale, CA",https://www.linkedin.com/jobs/view/senior-ai-engineer-at-linkedin-4180014935?position=52&pageNum=0&refId=ztAyIzb4RszxrrAy4Hljyw%3D%3D&trackingId=k0la8asEO1HsL6sLS3lobQ%3D%3D
4178777089,AI Engineer (Machine Learning & Computer Vision),In Technology Group,"Leeds, England, United Kingdom",https://uk.linkedin.com/jobs/view/ai-engineer-machine-learning-computer-vision-at-in-technology-group-4178777089?position=53&pageNum=0&refId=ztAyIzb4RszxrrAy4Hljyw%3D%3D&trackingId=hyEpYJA%2BKHoq7jKbrtOGLw%3D%3D
4195327784,AI/ML Software Engineer,Sealed Air Corporation,"Charlotte, NC",https://www.linkedin.com/jobs/view/ai-ml-software-engineer-at-sealed-air-corporation-4195327784?position=54&pageNum=0&refId=ztAyIzb4RszxrrAy4Hljyw%3D%3D&trackingId=Ba9Kpl%2F2ywtMkeRD2z0iZg%3D%3D
4132126399,AI Software Engineer,Brado,"Dallas, TX",https://www.linkedin.com/jobs/view/ai-software-engineer-at-brado-4132126399?position=55&pageNum=0&refId=ztAyIzb4RszxrrAy4Hljyw%3D%3D&trackingId=MJ73NgqQ2uYMFRxkQrwukA%3D%3D
4184821384,AI ML Engineer,Pulivarthi Group (PG),United States,https://www.linkedin.com/jobs/view/ai-ml-engineer-at-pulivarthi-group-pg-4184821384?position=56&pageNum=0&refId=ztAyIzb4RszxrrAy4Hljyw%3D%3D&trackingId=SB1Y4ePvG%2BL2yziMVhQ%2FHA%3D%3D
4178287651,AI Software Engineer - fresh graduate,Oracle,"Brno, South Moravia, Czechia",https://cz.linkedin.com/jobs/view/ai-software-engineer-fresh-graduate-at-oracle-4178287651?position=57&pageNum=0&refId=ztAyIzb4RszxrrAy4Hljyw%3D%3D&trackingId=n6Q5SSPOtHw38VSmda5qKQ%3D%3D
4114181679,"Software Engineer - AI/ML, Multiple Locations",Microsoft,"Redmond, WA",https://www.linkedin.com/jobs/view/software-engineer-ai-ml-multiple-locations-at-microsoft-4114181679?position=58&pageNum=0&refId=ztAyIzb4RszxrrAy4Hljyw%3D%3D&trackingId=tBvqfBN4IMYC22xYdTOWMw%3D%3D
4194365680,Data Scientist,HDFC Bank,"Mumbai, Maharashtra, India",https://in.linkedin.com/jobs/view/data-scientist-at-hdfc-bank-4194365680?position=59&pageNum=0&refId=ztAyIzb4RszxrrAy4Hljyw%3D%3D&trackingId=5%2BtUGHJapK%2B5E9d%2FzLlkKQ%3D%3D
4192953871,Machine Learning Engineer,Samsung Electronics,"Taguig, National Capital Region, Philippines",https://ph.linkedin.com/jobs/view/machine-learning-engineer-at-samsung-electronics-4192953871?position=60&pageNum=0&refId=ztAyIzb4RszxrrAy4Hljyw%3D%3D&trackingId=357S0pF3iBr4nZD9NPOeYw%3D%3D
